#count	frequency	CDR3nt	CDR3aa	V	D	J	C	cid	cid_full_length
24	7.741935e-01	TGCAGCTCATATGCAGGCAGCGACACTTTGCTTTTC	CSSYAGSDTLLF	IGLV2-11*01	.	IGLJ2*01	IGLC	CCTGCACTGGAACCAG_1198	0
5	8.333333e-02	TGCGCCAGCAGCTACGGGACAGGGGGCGTGAGCTATGGCTACACCTTC	CASSYGTGGVSYGYTF	TRBV5-1*01	TRBD1*01	TRBJ1-2*01	TRBC	TTTATGCCATGAACCT_14212	0
3	8.571429e-02	TGTGCAGCAAGTCCCTCAGGATACAGCACCCTCACCTTT	CAASPSGYSTLTF	TRAV13-1*01	.	TRAJ11*01	.	TTCCCAGGTAATTGGA_2888	0
2	3.333333e-02	TGCAGTGCTAGACAACCGGGACTAGCGGTGGGGAATGAGCAGTTCTTC	CSARQPGLAVGNEQFF	TRBV20-1*01	TRBD2*01	TRBJ2-1*01	TRBC	AGATTGCAGCTAGTTC_2763	0
2	3.333333e-02	TGTGCCAGCAGGGACGAGCGGACAGCTAACACCGGGGAGCTGTTTTTT	CASRDERTANTGELFF	TRBV11-2*01	TRBD2*01	TRBJ2-2*01	TRBC	TCTGAGAAGCGTGAGT_15617	0
2	3.333333e-02	TGTGCCAGCAGTAGAGACAGGGGAGAGACCCAGTACTTC	CASSRDRGETQYF	TRBV11-2*01	TRBD1*01	TRBJ2-5*01	TRBC	ATGCGATTCTGCTGTC_2814	0
2	5.714286e-02	TGTGCTCTGTACAGCAGTGCTTCCAAGATAATCTTT	CALYSSASKIIF	TRAV6*01	.	TRAJ3*01	.	TTAGGACAGTCTTGCA_22092	0
1	1.666667e-02	TGTGCCAGCAGTTCCCATAGACTAGAAGAGACCCAGTACTTC	CASSSHRLEETQYF	TRBV28*01	TRBD2*01	TRBJ2-5*01	TRBC	AATCTAGGTTGTACAC_5108	0
1	2.857143e-02	TGTGCTACGGACAGGAGGGCTGGTTCTGCAAGGCAACTGACCTTT	CATDRRAGSARQLTF	TRAV17*01	.	TRAJ22*01	.	ACATCAGAGACTAAGT_40877	0
1	2.857143e-02	TGTGCTTATAGGAGCGCGTATACCGGTAACCAGTTCTATTTT	CAYRSAYTGNQFYF	TRAV38-2/DV8*01	.	TRAJ49*01	.	CCACCTATCTGCGTAA_37930	0
1	1.666667e-02	TGTGCCACTGATCGGATCTATAGCAATCAGCCCCAGCATTTN	CATDRIYSNQPQH?	TRBV6-1*01	.	TRBJ1-5*01	TRBC	CATTATCTCTTACCTA_43355	0
1	1.666667e-02	TGCAGCACGGGACTAGGCACAGATACGCAGTATTTT	CSTGLGTDTQYF	TRBV29-1*03	TRBD2*01	TRBJ2-3*01	TRBC	CACACAATCTCTGCTG_39358	0
1	1.666667e-02	TGTGCCAGCAGCTTAGTTACGGAGACCCAGTACTTC	CASSLVTETQYF	TRBV7-6*01	.	TRBJ2-5*01	TRBC	AGCTCTCTCCTTTCTC_35895	0
1	2.857143e-02	TGTGCAATGAGTGTACGTTCTAACGACTACAAGCTCAGCTTT	CAMSVRSNDYKLSF	TRAV14/DV4*02	.	TRAJ20*01	.	TCATTTGAGGGTCTCC_42797	0
1	1.666667e-02	TGCAGGGGGAACTCGGCCGACACCTCTTTTTTC	CRGNSADTSFF	TRBV20-1*01	TRBD1*01	TRBJ1-2*01	TRBC	CTCGAAAGTCGAGATG_274	0
1	2.857143e-02	TGTGCTTATAAATTAGGAGGTAGCAACTATAAACTGACATTT	CAYKLGGSNYKLTF	TRAV38-2/DV8*01	.	TRAJ53*01	.	CATCGGGCACACTGCG_37936	0
1	2.857143e-02	TGTGCTCGATCATACAACTTCAACAAATTTTACTTT	CARSYNFNKFYF	TRAV6*01	.	TRAJ21*01	.	AACCGCGCAGGTCCAC_42708	0
1	2.857143e-02	TGTGCCGTCATGGAATATGGAAACAAACTGGTCTTT	CAVMEYGNKLVF	TRAV12-2*01	.	TRAJ47*01	.	CAGAATCCAAGTAGTA_40811	0
1	1.666667e-02	TGTGCCAGCAGCTTAGCATCTGGAAACACCATATATTTT	CASSLASGNTIYF	TRBV5-5*01	.	TRBJ1-3*01	TRBC	TTAGGACTCACGGTTA_5214	0
1	1.666667e-02	TGTGCCAGCACCGGGACAGTCTATGGCTACACCTTC	CASTGTVYGYTF	TRBV28*01	TRBD1*01	TRBJ1-2*01	TRBC	CTCGTACGTTACTGAC_266	0
1	1.666667e-02	TGCAGTGCTAGAGATCACGTGACTAGCGGGGGGCCCCAAGAGACCCAGTACTTC	CSARDHVTSGGPQETQYF	TRBV20-1*01	TRBD2*01	TRBJ2-5*01	TRBC	CGAGAAGAGCTATGCT_42563	0
1	1.666667e-02	TGTGCCAGCAGTGTTCGGCCGCGGGTCGGGGCTGAAGCTTTCTTT	CASSVRPRVGAEAFF	TRBV2*01	TRBD1*01	TRBJ1-1*01	TRBC	CAGTAACGTATCAGTC_35567	0
1	1.666667e-02	TGTGCCAGCAGCCTCCATAACACAGATACGCAGTATTTT	CASSLHNTDTQYF	TRBV7-6*01	.	TRBJ2-3*01	TRBC	GACTGCGAGACTGGGT_15584	0
1	1.666667e-02	TGTGCCAGCAGTGTCAGCGGGGAGCAGACCCAGTACTTC	CASSVSGEQTQYF	TRBV2*01	TRBD2*01	TRBJ2-5*01	TRBC	ACACTGAGTTTAGCTG_11086	0
1	3.225806e-02	TGCAGCTCATATGCAGGCAGCGACACTTTGCTTTTC	CSSYAGSDTLLF	IGLV2-8*01	.	IGLJ2*01	IGLC	CCATGTCCACGTTGGC_0	1
1	1.666667e-02	TGTGCCAGCAGTCCGGGGGGGGGGAGCACTGAAGCTTTCTTT	CASSPGGGSTEAFF	TRBV12-3*01	TRBD2*01	TRBJ1-1*01	TRBC	CTGCGGACATGCTAGT_40708	0
1	1.666667e-02	TGTGCCAGCAGTGAATCGTGGGGTGATGAGCAGTTCTTC	CASSESWGDEQFF	TRBV2*01	.	TRBJ2-1*01	TRBC	GACCTGGCACCGAATT_4573	0
1	1.666667e-02	TGTGCCAGCCGGGACAGGTCGTACGGGGCCAACGTCCTGACTTTC	CASRDRSYGANVLTF	TRBV2*01	TRBD1*01	TRBJ2-6*01	TRBC	TGATTTCGTAGCGATG_35234	0
1	3.225806e-02	TGTCAGGAGAGTCACAGTACCCTCCACACTTTT	CQESHSTLHTF	IGKV1-39*01	.	IGKJ2*01	IGKC	GATCGATTCTAAGCCA_42886	0
1	3.333333e-01	TGTGCCACCTGGGACGGGCGATATTATTATAAGAAACTCTTT	CATWDGRYYYKKLF	TRGV2*01	.	TRGJ1*02	TRGC	GTGCATAAGACACGAC_21382	0
1	1.666667e-02	TCCAGTGCTAGAGATCTGGGTGGATACACCATATATTTT	SSARDLGGYTIYF	TRBV20-1*01	.	TRBJ1-3*01	TRBC	ACTTACTTCACCACCT_38554	0
1	1.666667e-02	TGTGCCAGCAGCTTTAGCGGGGGAGGAGAGACCCAGTACTTC	CASSFSGGGETQYF	TRBV11-2*01	TRBD2*01	TRBJ2-5*01	TRBC	GACGGCTCAAAGGCGT_34415	0
1	1.666667e-02	TGCAGTGCTAGAGAAGGAGGGGGCCGCGGCTACACCTTC	CSAREGGGRGYTF	TRBV20-1*01	TRBD1*01	TRBJ1-2*01	TRBC	CACAGTAGTTGCGCAC_4747	0
1	2.857143e-02	TGCCTCGTGGGTGACCAGGACTTTGGGAATGTGCTGCATTGC	CLVGDQDFGNVLHC	TRAV4*01	.	TRAJ35*01	.	ATTGGTGCATTCGACA_40784	0
1	2.857143e-02	TGCATCGTCAGAGTCGGAGGGATCACGGGAGGAGGAAACAAACTCACCTTT	CIVRVGGITGGGNKLTF	TRAV26-1*01	.	TRAJ10*01	.	CATCGAATCTGCGACG_37927	0
1	2.857143e-02	TGTGCAGGCCTAACTCAGGGCGGATCTGAAAAGCTGGTCTTT	CAGLTQGGSEKLVF	TRAV20*01	.	TRAJ57*01	.	CGCTATCAGGTGGGTT_42755	0
1	2.857143e-02	TGTGCTACGGCCGCCTATAACACCGACAAGCTCATCTTT	CATAAYNTDKLIF	TRAV17*01	.	TRAJ34*01	.	ACATCAGGTGAAATCA_42717	0
1	1.666667e-02	TGCAGCCACGCGACGGGGAGCTCGAGTAACACAGATACGCAGTATTTT	CSHATGSSSNTDTQYF	TRBV29-1*01	TRBD2*01	TRBJ2-3*01	TRBC	CTACCCCACTGTGCAC_42723	0
1	1.666667e-02	TGTGCCAGCAGTTTAGGGCCCCACTACGAGCAGTACTTC	CASSLGPHYEQYF	TRBV28*01	.	TRBJ2-7*01	TRBC	CACAGTAGTGGCCCTA_4931	0
1	1.666667e-02	TGTGCCAGCAGCCGATCCGGGACTAGCACCGGGGAGCTGTTTTTT	CASSRSGTSTGELFF	TRBV7-6*01	TRBD2*01	TRBJ2-2*01	TRBC	CACATTTGTGGCCCTA_36352	0
1	2.500000e-01	TGTGCGAGAGGGACTCTTCGGGCCCCTCTTGATTACTGG	CARGTLRAPLDYW	IGHV3-23*01	IGHD2-21*01	IGHJ4*02	IGHG2	CCATGTCCACGTTGGC_1	1
1	2.500000e-01	TGTGCACGGATTACCTCATACTACGGTGACTCTACTGCCTACTACTTTGACCACTGG	CARITSYYGDSTAYYFDHW	IGHV2-70*01	IGHD4-17*01	IGHJ4*01	.	GCTCCTGTGCGAGGCA_795	0
1	2.857143e-02	TGTGCTCTAAATGAGGTGGCTGGGAGTTACCAACTCACTTTC	CALNEVAGSYQLTF	TRAV16*01	.	TRAJ28*01	.	CTACGTCGTTCACGGC_42764	0
1	2.500000e-01	TGTGCGAGAGGGACTCTTCGGGCCCCTCTTGATTACTGG	CARGTLRAPLDYW	IGHV1-8*01	IGHD2-21*01	IGHJ4*02	.	CGGAGCTGTCTGCCAG_10590	0
1	1.666667e-02	TGTGCCAGTCGAGTGGCGCTCGGGAGTCATAATTCACCCCTCCACTTT	CASRVALGSHNSPLHF	TRBV19*01	TRBD2*02	TRBJ1-6*02	TRBC	TGCTACCAGGTGCTTT_42677	0
1	3.333333e-01	TGTGCCTTGTGGGATGCCTATTATAAGAAACTCTTT	CALWDAYYKKLF	TRGV9*01	.	TRGJ1*02	TRGC	TTTGTCAATGTATCTT_42570	0
1	2.857143e-02	TGTGCTGTGGACGGCTCTAGCAACACAGGCAAACTAATCTTT	CAVDGSSNTGKLIF	TRAV2*01	.	TRAJ37*02	.	GGACAAGCAATGGATA_42682	0
1	2.857143e-02	TGTGCAGAGAGTGACGGAGGATACAGCACCCTCACCTTT	CAESDGGYSTLTF	TRAV5*01	.	TRAJ11*01	.	AAATGCCGTCATGCAT_42646	0
1	1.666667e-02	TGTGCCAGCAGCCCAGGGGGGGGTGGGGCCCCCTACGAGCAGTACTTC	CASSPGGGGAPYEQYF	TRBV6-1*01	TRBD1*01	TRBJ2-7*01	TRBC	GTGCTTCCAAAGGCGT_42506	0
1	1.666667e-02	TGTGCCAGCGGGGAGGCCACCGTTCTAGCGCCATACGCGGAAAAACTGTTTTTT	CASGEATVLAPYAEKLFF	TRBV27*01	TRBD2*01	TRBJ1-4*01	TRBC	GGGAGATGTTAAGTAG_42880	0
1	1.666667e-02	TGTGCCAGCAGTTTAATGGGGGCAGATACGCAGTATTTT	CASSLMGADTQYF	TRBV12-3*01	TRBD1*01	TRBJ2-3*01	TRBC	AACTGGTAGATCGGGT_38552	0
1	2.857143e-02	TGTGCAGAGAAGCTGGCTCCTAACGACTACAAGCTCAGCTTT	CAEKLAPNDYKLSF	TRAV13-2*01	.	TRAJ20*01	TRAC	GCTGCTTAGCCCTAAT_5395	0
1	1.666667e-02	TGCGCCAGCAGCTTGGGGAAGACGTTCGCTAACTATGGCTACACCTTC	CASSLGKTFANYGYTF	TRBV5-1*01	.	TRBJ1-2*01	TRBC	CATCAGATCAACACCA_40741	0
1	1.666667e-02	TGTGCCAGCAGCACCTCGGGACAGGGTAATGAGCAGTTCTTC	CASSTSGQGNEQFF	TRBV5-5*01	TRBD1*01	TRBJ2-1*01	TRBC	ATGAGGGTCAAGGCTT_5372	0
1	1.666667e-02	TGTGCCATCAGTGGTCTACAGGGGGGCGAGCAGTACTTC	CAISGLQGGEQYF	TRBV10-3*01	TRBD1*01	TRBJ2-7*01	TRBC	CGACTTCCAGCCAGAA_32111	0
1	1.666667e-02	TGTGCCAGCAGTTCTCGGGACAGGGGAAACTATGGCTACACCTTC	CASSSRDRGNYGYTF	TRBV26*01	TRBD1*01	TRBJ1-2*01	TRBC	TACCTTAAGTCGCCGT_42458	0
1	3.225806e-02	TGTCAGCAATATTATTATACTCCTCCGAATTTC	CQQYYYTPPNF	IGKV4-1*01	.	IGKJ4*01	IGKC	AAACGGGTCATAGCAC_42710	0
1	1.666667e-02	TGTGCCAGCAGTGAATCGTGGGGTGATGAGCAGTTCCTC	CASSESWGDEQFL	TRBV2*01	.	TRBJ2-1*01	TRBC	CATGCTTCTGATGGCT_34410	0
1	1.666667e-02	TGTGCCAGCAGCTTGGCGGACAGAGTCTATGGCTACACCTTC	CASSLADRVYGYTF	TRBV5-6*01	TRBD1*01	TRBJ1-2*01	TRBC	GTTCATTTCAACGCTA_42635	0
1	2.857143e-02	TGTGTTGTCGATAAGGGCAGGAGAGCACTTACTTTT	CVVDKGRRALTF	TRAV2*01	.	TRAJ5*01	.	TGCCCTACAGCTTCGG_40833	0
1	2.857143e-02	TGTGCTACGGCCCCGAGGAGTGGAGGTAGCAACTATAAACTGACATTT	CATAPRSGGSNYKLTF	TRAV17*01	.	TRAJ53*01	.	CCTTCGAGTTAAAGAC_39609	0
1	2.857143e-02	TGTGTGGTGAACCCGGAAAGCGATGCCAGACTCATGTTT	CVVNPESDARLMF	TRAV12-1*01	.	TRAJ31*01	TRAC	GCACTCTCAATGTTGC_17746	0
1	2.857143e-02	TGTGACAATAACAATGACATGCGCTTT	CDNNNDMRF	.	.	TRAJ43*01	TRAC	CACACAATCTCTGCTG_22106	0
1	2.857143e-02	TGTGCTGTGAGAGCCCCGGGTTCAGGAAACACACCTCTTGTCTTT	CAVRAPGSGNTPLVF	TRAV3*01	.	TRAJ29*01	.	CGTAGCGAGGGCATGT_40860	0
1	2.857143e-02	TGTGCTGCGGGAGGAGGTGCTGACGGACTCACCTTT	CAAGGGADGLTF	TRAV21*01	.	TRAJ45*01	.	CTAACTTAGTTTGCGT_42748	0
1	2.857143e-02	TGTGCAATGAGCGCGGAAAACCAGGCAGGAACTGCTCTGATCTTT	CAMSAENQAGTALIF	TRAV12-3*01	.	TRAJ15*01	.	TTGTGACACATTTGTT_42734	0
1	2.857143e-02	TGTGCTTGCATTAATAATGCAGGCAACATGCTCACCTTT	CACINNAGNMLTF	TRAV38-2/DV8*01	.	TRAJ39*01	.	AGTGAGGAGACACTAA_15576	0
1	3.225806e-02	TGCAGCTCATATGCAGGCAGCGACACTTTGCTTTTC	CSSYAGSDTLLF	IGLV2-11*01	.	.	.	GCTGGGTAGAAGGTTT_7975	0
1	2.500000e-01	TGCACCGTGGAACGTATTAATAGTAGTGGTCATTACTACGTCTTTGACAACTGG	CTVERINSSGHYYVFDNW	IGHV1-2*02	IGHD3-22*01	IGHJ4*02	.	ACAGCTATCAACTCTT_42622	0
1	3.225806e-02	TGTCATCAGTATAATAATTGGTGGACGTTC	CHQYNNWWTF	IGKV3-15*01	.	IGKJ1*01	IGKC	CCACCTTCCACTGTAC_5606	0
1	2.857143e-02	TCTGCAATGCGCGCACCCGAGGGCGGATCTGAAAAGCTGGTCTTT	SAMRAPEGGSEKLVF	TRAV12-3*01	.	TRAJ57*01	.	GCGCCAAGTGTTGGGA_42754	0
1	1.666667e-02	TGTGCCAGCAGCTCAATGGACAGCAACTACAATGAGCAGTTCTTC	CASSSMDSNYNEQFF	TRBV7-3*01	TRBD1*01	TRBJ2-1*01	TRBC	ACACCCTCACAACTGT_8784	0
1	1.666667e-02	TGTGCCAGCAGCTTGAGAGCGGGGGGCACAGATACGCAGTATTTT	CASSLRAGGTDTQYF	TRBV5-6*01	TRBD2*01	TRBJ2-3*01	TRBC	TCTGGAAAGACGCTTT_26591	0
1	2.857143e-02	TGTGCTGGCCCCGATAACTATGGTCAGAATTTTGTCTTT	CAGPDNYGQNFVF	TRAV35*01	.	TRAJ26*01	TRAC	CACAGGCTCTCATTCA_42805	0
1	1.666667e-02	TGTGCCAGCAGCTTAGATCTTAGAACCGGCTACACCTTC	CASSLDLRTGYTF	TRBV11-2*01	.	TRBJ1-2*01	TRBC	TCGCGAGGTTGGAGGT_33233	0
1	1.666667e-02	TGTGCCAGCAGTTCCAGGGGGGATGGCTACACCTTC	CASSSRGDGYTF	TRBV6-5*01	TRBD1*01	TRBJ1-2*01	TRBC	TGCACCTTCTCAAGTG_39571	0
1	2.857143e-02	TGTGCTTATAGGAGATACACCTCAGGAAACACACCTCTTGTCTTT	CAYRRYTSGNTPLVF	TRAV38-2/DV8*01	.	TRAJ29*01	.	GATGCTATCACATACG_42726	0
1	2.857143e-02	TGTGCTGTGAGTGAAGGGACCGGAGCCAATAGTAAGCTGACATTT	CAVSEGTGANSKLTF	TRAV8-6*01	.	TRAJ56*01	.	TAAACCGTCCATTCTA_42841	0
1	1.666667e-02	TGTGCCAGCAGTTGGGTGCTGATGGGGGCAAAGGAGACCCAGTACTTC	CASSWVLMGAKETQYF	TRBV28*01	TRBD1*01	TRBJ2-5*01	TRBC	CTTGGCTCAAGCCTAT_5582	0
1	1.666667e-02	TGTGCCAGCAGGGACGAGCGGACAGCTAACACCGGGGAGCTGTTTTTT	CASRDERTANTGELFF	TRBV11-2*03	TRBD2*01	TRBJ2-2*01	TRBC	GTTTCTAAGCCTATGT_452	1
1	1.666667e-02	TGTGCCAGCAGCGTAGCTGTCGGCAACGGCTACGAGCAGTACTTC	CASSVAVGNGYEQYF	TRBV14*01	.	TRBJ2-7*01	TRBC	GCTCCTAAGTCGAGTG_6085	0
1	1.666667e-02	TGCAGTGCTAGAAAACTACTGAGCTCCTACGAGCAGTACTTC	CSARKLLSSYEQYF	TRBV20-1*01	.	TRBJ2-7*01	TRBC	CCTTCCCATTCACCCA_42566	0
1	1.666667e-02	TGTGCCTGCAGCTCTTTGAACGGGCTGGTCGAGCGGTACTTC	CACSSLNGLVERYF	TRBV7-1*01	TRBD2*01	TRBJ2-7*01	TRBC	CTTGGCTCACCTCGGA_40681	0
1	2.857143e-02	TGTGCCGGGGGACAATATGGAAACAAACTGGTCTTT	CAGGQYGNKLVF	TRAV12-2*01	.	TRAJ47*01	TRAC	CCGGGATCAACACCTA_40625	0
1	3.333333e-01	TGTGCCACCTGGGACGGGCGATATTATTATAAGAAACTCTTT	CATWDGRYYYKKLF	TRGV2*01	.	TRGJ1*01	TRGC	GGCAATTTCTCTAAGG_21847	0
1	1.666667e-02	TGTGCCAGCCGGGACGAGCGGACAGCTAACACCGGGGAGCTGTTTTTT	CASRDERTANTGELFF	TRBV11-2*03	TRBD2*01	TRBJ2-2*01	TRBC	CGTCCATTCGACCAGC_37344	0
1	3.225806e-02	TGTCAACAGTATGATAATCTCCCTCCGACTTTC	CQQYDNLPPTF	IGKV1-33*01	.	IGKJ4*01	IGKC	TTGACTTTCAATACCG_42743	0
1	2.857143e-02	TGTGCTGTGGAATACAACTTCAACAAATTT	CAVEYNFNKF	TRAV8-3*02	.	TRAJ21*01	.	AGGTCCGAGGGATGGG_38612	0
1	1.666667e-02	TGTGCCAGCAGCTCCGGGGATACGCAGTATTTT	CASSSGDTQYF	TRBV7-9*07	TRBD2*01	TRBJ2-3*01	TRBC	TGGTTAGGGAAGAAGC_42119	0
1	1.666667e-02	TGTGCCAGCACCGGGGCTCGACCTGAAGCTTTCTTT	CASTGARPEAFF	TRBV3-1*01	TRBD1*01	TRBJ1-1*01	TRBC	CAGCCGACAGTTAACC_40738	0
1	2.857143e-02	TGTGTGGTGAACCCGGACAGCGATGCCAGACTCATGTTT	CVVNPDSDARLMF	TRAV12-1*01	.	TRAJ31*01	.	GCACTTGACATCACAG_22099	0
1	3.225806e-02	TGCAGCTCATATGCAGGCACCGCCACTTTGCTCTTC	CSSYAGTATLLF	IGLV2-8*01	.	IGLJ2*01	IGLC	GCAGCCATCCATGAAC_42376	0
1	1.666667e-02	TGTGCCAGCAGCTCTTTGAACGGGCTGGTCGAGCAGTACTTC	CASSSLNGLVEQYF	TRBV7-2*02	.	TRBJ2-7*01	TRBC	AGGGTGAAGCTCCTCT_32379	0
1	1.666667e-02	TGTGCCAGCAGGCAGGTAGCGGGCCGAAACAATGAGCAGTTCTTC	CASRQVAGRNNEQFF	TRBV7-9*01	TRBD2*01	TRBJ2-1*01	TRBC	CACAGTACATCAGTAC_36319	0
1	1.666667e-02	TGTGCCAGCAGTGAGGAGGGTAGCTATGGCTACACCTTC	CASSEEGSYGYTF	TRBV2*01	TRBD2*02	TRBJ1-2*01	TRBC	AAAGATGCAGGAATGC_34211	0
1	1.666667e-02	TGTGCCAGCAGCCCCGGGACTAGCGGGGGGGCCTACGAGCAGTACTTC	CASSPGTSGGAYEQYF	TRBV5-4*01	TRBD2*01	TRBJ2-7*01	TRBC	CAGCCGAAGGTTACCT_20498	0
1	1.666667e-02	TGTGCCAGCAGTGAAACATACGACCACAATGAGCAGTTCTTC	CASSETYDHNEQFF	TRBV2*01	.	TRBJ2-1*01	TRBC	AGAGTGGAGGGTTTCT_32125	0
1	1.666667e-02	TGTGCCAGCAGCTTAGCGAACACCGGGGAGCTGTTTTTT	CASSLANTGELFF	TRBV7-6*01	TRBD2*01	TRBJ2-2*01	TRBC	GATCGTAGTGTTCTTT_21466	0
1	2.857143e-02	TGTGCTTATAGGAGCACAAGTCTGGGTGACAAGATCATCTTT	CAYRSTSLGDKIIF	TRAV38-2/DV8*01	.	TRAJ30*01	TRAC	GATGAAATCAGCACAT_5018	0
1	1.666667e-02	TGCGCCAGCAGCCAAGTGCAGGGGTTTATCGCTGGAAACACCATATATTTT	CASSQVQGFIAGNTIYF	TRBV4-1*01	TRBD1*01	TRBJ1-3*01	TRBC	CATCGAAAGATCTGAA_5391	0
